company_name,high,low,last_price,prev_close,change,percent_gain
Akums Drugs P,468.90,435.80,467.95,433.80,34.15,7.87
MOTHERSON,130.05,125.00,127.30,118.23,9.07,7.67
Mazagon Dock,"2,645.00","2,473.00","2,613.40","2,432.55",180.85,7.43
Mazagon Dock,"2,645.00","2,473.00","2,613.40","2,432.55",180.85,7.43
Sona BLW,464.85,450.00,461.55,430.10,31.45,7.31
360 ONE WAM,936.65,895.00,930.00,870.20,59.80,6.87
360 ONE WAM,936.65,895.00,930.00,870.20,59.80,6.87
Intellect Desig,709.00,676.65,705.55,660.60,44.95,6.8
KPIL,954.95,905.20,954.80,896.30,58.50,6.53
Macrotech Dev,"1,199.80","1,145.00","1,193.70","1,122.60",71.10,6.33
Home First,"1,136.50","1,061.10","1,125.70","1,059.00",66.70,6.3
Bharat Forge,"1,072.10","1,040.10","1,063.10","1,002.15",60.95,6.08
Anant Raj,477.95,447.00,465.50,439.20,26.30,5.99
KEC Intl,714.30,666.80,699.60,660.05,39.55,5.99
HFCL,80.57,77.51,80.51,76.01,4.50,5.92
Elgi Equipments,458.00,424.00,446.50,422.15,24.35,5.77
Garden Reach Sh,"1,741.00","1,631.30","1,707.50","1,615.10",92.40,5.72
Inox Wind,161.44,155.00,160.24,151.59,8.65,5.71
Just Dial,893.00,853.60,883.15,835.50,47.65,5.7
Kaynes Tech,"5,444.00","5,202.00","5,380.60","5,091.15",289.45,5.69
UNO Minda,872.40,822.75,870.55,824.15,46.40,5.63
Fortis Health,699.70,656.60,685.90,649.55,36.35,5.6
JSW Energy,521.50,499.75,521.45,493.95,27.50,5.57
Craftsman,"4,642.70","4,377.00","4,605.60","4,364.15",241.45,5.53
IndusInd Bank,727.90,693.05,727.60,689.50,38.10,5.53
Avanti Feeds,844.00,800.00,842.35,799.65,42.70,5.34
DLF,656.85,630.40,656.55,623.60,32.95,5.28
Data Patterns,"1,778.20","1,694.60","1,770.30","1,681.95",88.35,5.25
TITAGARH,786.00,757.05,785.25,746.95,38.30,5.13
Amber Enterpris,"6,930.00","6,735.50","6,857.00","6,530.05",326.95,5.01
MMTC Ltd,52.89,50.92,52.84,50.36,2.48,4.92
Tata Motors,628.30,612.65,623.85,595.05,28.80,4.84
Tata Motors,628.30,612.65,623.85,595.05,28.80,4.84
Mahindra Life,308.80,294.30,307.60,293.45,14.15,4.82
Netweb,"1,556.20","1,494.30","1,539.60","1,469.30",70.30,4.78
Phoenix Mills,"1,548.80","1,497.00","1,548.00","1,478.00",70.00,4.74
Aarti Ind,401.05,386.10,401.05,382.95,18.10,4.73
Devyani Int,163.66,157.76,163.30,155.92,7.38,4.73
Indian Renew,161.94,158.60,161.45,154.20,7.25,4.7
Hitachi Energy,"12,606.00","12,063.00","12,541.00","11,979.30",561.70,4.69
Larsen,"3,263.80","3,176.10","3,261.90","3,115.95",145.95,4.68
Sundaram Fin,"4,866.30","4,760.10","4,860.30","4,645.75",214.55,4.62
GlaxoSmithKline,"2,889.90","2,778.60","2,876.30","2,751.10",125.20,4.55
BLS Internation,377.60,364.80,375.25,359.10,16.15,4.5
Indian Hotels,824.00,802.85,824.00,788.60,35.40,4.49
NALCO,150.16,144.71,149.64,143.22,6.42,4.48
Redington,226.41,216.32,225.14,215.48,9.66,4.48
Jindal Steel,845.55,821.80,841.40,805.65,35.75,4.44
Sterling Wilson,265.25,252.55,262.00,250.85,11.15,4.44
Cochin Shipyard,"1,484.00","1,416.30","1,463.00","1,401.00",62.00,4.43
Cochin Shipyard,"1,484.00","1,416.30","1,463.00","1,401.00",62.00,4.43
Ircon Internati,157.25,153.05,156.23,149.60,6.63,4.43
Ircon Internati,157.25,153.05,156.23,149.60,6.63,4.43
Valor Estate,184.40,176.33,182.20,174.48,7.72,4.42
Prestige Estate,"1,174.90","1,126.00","1,172.50","1,122.85",49.65,4.42
Swan Energy,415.50,400.50,414.40,396.95,17.45,4.4
BSE Limited,"5,900.00","5,721.00","5,891.50","5,644.75",246.75,4.37
AstraZeneca,"8,872.50","8,485.50","8,826.00","8,457.40",368.60,4.36
Concord Biotech,"1,740.00","1,674.50","1,726.00","1,653.85",72.15,4.36
RBL Bank,181.30,174.05,181.00,173.50,7.50,4.32
Balkrishna Ind,"2,438.90","2,360.00","2,437.80","2,337.50",100.30,4.29
Sonata,330.00,319.30,329.05,315.55,13.50,4.28
Mastek,"2,299.00","2,205.00","2,288.60","2,196.20",92.40,4.21
Suven Pharma,"1,235.90","1,155.20","1,198.00","1,149.60",48.40,4.21
Cyient,"1,204.30","1,161.20","1,192.30","1,144.20",48.10,4.2
Sammaan Capital,112.48,109.38,112.33,107.80,4.53,4.2
M&M,"2,689.00","2,606.00","2,688.80","2,580.35",108.45,4.2
Bombay Burmah,"1,906.20","1,851.00","1,902.40","1,826.25",76.15,4.17
GSFC,183.50,177.80,182.90,175.62,7.28,4.15
Power Finance,418.70,407.70,417.40,400.75,16.65,4.15
Tata Power,380.55,372.30,379.50,364.45,15.05,4.13
Endurance Techn,"1,942.60","1,882.00","1,937.00","1,860.40",76.60,4.12
GAIL,179.20,174.88,178.79,171.71,7.08,4.12
Supreme Ind,"3,298.80","3,206.10","3,298.80","3,168.50",130.30,4.11
PTC Industries,"13,853.00","13,335.00","13,817.00","13,273.00",544.00,4.1
Shriram Finance,669.80,649.15,664.85,638.80,26.05,4.08
Shriram Finance,669.80,649.15,664.85,638.80,26.05,4.08
CDSL,"1,220.00","1,180.00","1,215.40","1,168.00",47.40,4.06
Adani Power,541.40,522.45,539.25,518.25,21.00,4.05
NLC India,241.00,232.71,238.76,229.49,9.27,4.04
Solar Ind,"11,778.00","11,469.00","11,771.00","11,317.05",453.95,4.01
Adani Ports,"1,210.80","1,179.00","1,210.40","1,164.55",45.85,3.94
Vijaya Diagnost,"1,014.00",963.30,"1,003.40",965.40,38.00,3.94
Hind Zinc,428.35,418.30,427.15,411.05,16.10,3.92
IFCI,42.24,41.05,42.14,40.55,1.59,3.92
Techno Electric,"1,037.50","1,012.70","1,026.50",987.95,38.55,3.9
LIC Housing Fin,581.10,563.05,581.10,559.65,21.45,3.83
LT Technology,"4,294.00","4,175.00","4,290.40","4,132.25",158.15,3.83
PB Fintech,"1,592.40","1,546.60","1,591.90","1,533.15",58.75,3.83
MphasiS,"2,244.30","2,185.00","2,242.70","2,160.55",82.15,3.8
Suzlon Energy,55.66,53.91,55.00,53.00,2.00,3.77
Aurobindo Pharm,"1,122.80","1,099.00","1,122.00","1,082.45",39.55,3.65
Sobha,"1,180.00","1,134.00","1,167.70","1,127.15",40.55,3.6
NCC,218.55,212.08,217.50,209.97,7.53,3.59
HDFC Bank,"1,876.80","1,855.00","1,871.50","1,806.75",64.75,3.58
Railtel,304.40,296.05,302.75,292.30,10.45,3.58
SignatureGlobal,"1,134.00","1,091.00","1,127.30","1,088.40",38.90,3.57
EID Parry,809.00,787.20,808.50,780.85,27.65,3.54
Himadri Special,457.40,438.60,452.20,436.80,15.40,3.53
Godfrey Phillip,"7,383.50","7,077.50","7,284.50","7,037.10",247.40,3.52
Chola Invest.,"1,534.90","1,487.90","1,527.20","1,475.70",51.50,3.49
Vodafone Idea,7.43,7.22,7.42,7.17,0.25,3.49
KPIT Tech,"1,165.90","1,130.00","1,158.00","1,118.95",39.05,3.49
Trent,"4,985.00","4,830.50","4,947.50","4,780.55",166.95,3.49
Cera Sanitary,"5,589.00","5,430.00","5,580.50","5,393.50",187.00,3.47
BEML,"3,147.90","3,055.00","3,139.00","3,034.75",104.25,3.44
Hind Copper,206.97,203.65,206.50,199.65,6.85,3.43
TVS Motor,"2,599.10","2,545.80","2,599.10","2,513.30",85.80,3.41
Interglobe Avi,"5,347.00","5,201.00","5,325.00","5,151.10",173.90,3.38
Balaji Amines,"1,280.60","1,204.80","1,246.00","1,205.35",40.65,3.37
Cummins,"2,921.90","2,851.00","2,909.50","2,814.95",94.55,3.36
Elecon Eng,455.60,442.65,450.70,436.05,14.65,3.36
Elecon Eng,455.60,442.65,450.70,436.05,14.65,3.36
Go Digit,291.70,282.35,290.50,281.05,9.45,3.36
REC,416.85,407.45,415.75,402.25,13.50,3.36
GE Vernova TD,"1,388.00","1,345.60","1,378.10","1,333.45",44.65,3.35
Mahanagar Gas,"1,321.50","1,281.00","1,320.30","1,277.50",42.80,3.35
TataTeleservice,58.77,57.10,58.51,56.63,1.88,3.32
Fert and Chem,647.05,630.10,645.35,624.65,20.70,3.31
Minda Corp,517.70,496.95,510.85,494.50,16.35,3.31
Chola Fin Hold,"1,867.40","1,791.00","1,839.30","1,780.40",58.90,3.31
Narayana Hruda,"1,784.40","1,708.00","1,756.00","1,699.95",56.05,3.3
Info Edge,"6,812.50","6,620.50","6,760.50","6,545.30",215.20,3.29
HBL Eng,523.15,510.95,517.45,500.95,16.50,3.29
Bharat Dynamics,"1,387.20","1,335.00","1,368.50","1,325.10",43.40,3.28
Bharat Dynamics,"1,387.20","1,335.00","1,368.50","1,325.10",43.40,3.28
Petronet LNG,294.90,287.55,294.25,284.90,9.35,3.28
Vedanta,394.20,384.05,392.60,380.15,12.45,3.28
Biocon,327.35,319.70,326.90,316.55,10.35,3.27
SAIL,111.95,109.66,111.86,108.34,3.52,3.25
SJVN,94.41,92.34,94.39,91.43,2.96,3.24
Triveni Turbine,513.20,493.50,511.80,495.80,16.00,3.23
Shree Renuka,27.93,27.34,27.85,26.98,0.87,3.22
Godrej Prop,"2,020.00","1,975.70","2,010.60","1,948.40",62.20,3.19
Jubilant Ing.,664.70,649.40,654.45,634.30,20.15,3.18
Adani Enterpris,"2,394.80","2,359.00","2,394.80","2,321.40",73.40,3.16
Nuvama Wealth,"5,719.50","5,640.50","5,688.00","5,514.20",173.80,3.15
Adani Green Ene,924.60,901.30,921.50,893.65,27.85,3.12
IIFL Finance,334.80,325.40,333.80,323.75,10.05,3.1
Oberoi Realty,"1,596.60","1,565.70","1,595.10","1,547.35",47.75,3.09
Engineers India,164.84,161.60,164.80,159.93,4.87,3.05
Tata Tech,655.50,637.00,651.30,632.05,19.25,3.05
Varroc Engineer,421.15,412.05,419.50,407.10,12.40,3.05
RITES,232.99,224.70,229.96,223.23,6.73,3.01
Welspun Corp,784.50,748.00,781.20,758.50,22.70,2.99
BHEL,220.17,214.15,219.30,212.97,6.33,2.97
Praj Industries,519.80,508.00,516.00,501.10,14.90,2.97
Aditya Birla Re,"1,844.30","1,791.10","1,839.30","1,786.40",52.90,2.96
Nippon,568.90,556.90,567.35,551.10,16.25,2.95
Zee Entertain,107.70,104.49,106.90,103.85,3.05,2.94
Dr Reddys Labs,"1,151.40","1,129.00","1,142.00","1,109.50",32.50,2.93
Dr Reddys Labs,"1,151.40","1,129.00","1,142.00","1,109.50",32.50,2.93
Aditya Birla F,261.50,255.80,261.40,254.00,7.40,2.91
Torrent Power,"1,610.00","1,570.80","1,607.60","1,562.15",45.45,2.91
TBO Tek,"1,114.80","1,075.40","1,105.00","1,073.90",31.10,2.9
Bharat Elec,293.85,287.55,293.25,285.00,8.25,2.89
Poly Medicure,"2,225.80","2,148.90","2,203.10","2,141.55",61.55,2.87
Rashtriya Chem,128.53,126.70,128.48,124.90,3.58,2.87
Welspun Living,127.70,125.08,127.38,123.85,3.53,2.85
Escorts Kubota,"3,268.50","3,204.20","3,267.80","3,178.20",89.60,2.82
CAMS,"3,824.00","3,752.50","3,821.00","3,716.70",104.30,2.81
PVR INOX,941.70,921.55,941.45,915.70,25.75,2.81
TVS Supply,113.79,112.00,113.31,110.21,3.10,2.81
HDFC AMC,"4,106.70","4,006.00","4,098.80","3,987.25",111.55,2.8
New India Assur,160.80,157.25,160.54,156.28,4.26,2.73
Linde India,"6,071.00","5,911.50","6,056.00","5,895.45",160.55,2.72
Granules India,464.00,453.00,463.50,451.30,12.20,2.7
Rattanindia Ent,42.08,41.34,41.95,40.85,1.10,2.69
Natco Pharma,797.05,778.65,796.35,775.50,20.85,2.69
Axis Bank,"1,104.20","1,083.00","1,097.50","1,068.95",28.55,2.67
Schaeffler Ind,"3,131.00","3,060.00","3,123.00","3,042.65",80.35,2.64
Graphite India,467.40,456.90,463.75,451.80,11.95,2.64
Godawari Power,194.00,190.20,192.75,187.80,4.95,2.64
Godawari Power,194.00,190.20,192.75,187.80,4.95,2.64
JK Tyre Ind,292.30,286.95,291.55,284.05,7.50,2.64
Five-Star Busin,754.60,718.40,736.25,717.40,18.85,2.63
Nuvoco Vistas,323.45,315.05,322.60,314.45,8.15,2.59
Tejas Networks,869.05,844.40,859.40,837.80,21.60,2.58
HUDCO,221.37,217.35,221.35,215.81,5.54,2.57
Lupin,"2,030.00","1,980.30","2,019.80","1,969.25",50.55,2.57
COFORGE LTD.,"6,525.00","6,335.00","6,477.50","6,316.65",160.85,2.55
Thermax,"3,179.20","3,112.90","3,164.00","3,085.45",78.55,2.55
Laurus Labs,622.90,608.80,621.25,605.85,15.40,2.54
ICICI Bank,"1,351.00","1,336.20","1,344.90","1,311.65",33.25,2.53
Tube Investment,"2,593.00","2,509.40","2,573.20","2,509.70",63.50,2.53
Hero Motocorp,"3,764.30","3,686.50","3,758.40","3,666.00",92.40,2.52
eClerx Services,"2,499.90","2,420.00","2,462.40","2,402.20",60.20,2.51
Hindustan Aeron,"4,250.00","4,170.80","4,210.30","4,107.20",103.10,2.51
Hindustan Aeron,"4,250.00","4,170.80","4,210.30","4,107.20",103.10,2.51
APTUS VALUE,313.40,303.80,310.00,302.45,7.55,2.5
Delhivery,253.50,247.35,253.10,246.95,6.15,2.49
Deepak Fert,"1,245.00","1,212.40","1,236.40","1,206.45",29.95,2.48
HEG,468.20,455.00,464.20,453.00,11.20,2.47
HEG,468.20,455.00,464.20,453.00,11.20,2.47
Union Bank,121.40,119.50,120.74,117.83,2.91,2.47
Jyoti CNC Auto,"1,042.50","1,019.50","1,036.20","1,011.30",24.90,2.46
Ipca Labs,"1,364.90","1,317.00","1,363.60","1,330.95",32.65,2.45
Mankind Pharma,"2,458.90","2,391.00","2,408.00","2,350.50",57.50,2.45
NMDC,64.53,63.55,64.45,62.91,1.54,2.45
Jindal Saw,256.10,250.55,253.15,247.10,6.05,2.45
Jindal Saw,256.10,250.55,253.15,247.10,6.05,2.45
Grindwell Norto,"1,655.30","1,609.10","1,639.30","1,600.20",39.10,2.44
CG Power ,589.90,580.00,586.30,572.40,13.90,2.43
Star Health,369.90,362.90,369.05,360.30,8.75,2.43
VIP Industries,274.00,268.25,273.70,267.20,6.50,2.43
Bharti Airtel,"1,820.00","1,781.10","1,799.10","1,756.60",42.50,2.42
Dalmia Bharat,"1,865.10","1,821.10","1,855.50","1,811.65",43.85,2.42
PCBL Chemical,426.70,417.55,424.65,414.60,10.05,2.42
Timken,"2,539.80","2,460.00","2,534.40","2,474.60",59.80,2.42
Bajaj Auto,"8,000.00","7,828.50","7,955.00","7,768.85",186.15,2.4
Network 18,43.05,42.51,42.79,41.79,1.00,2.39
Piramal Enter,992.00,972.00,990.85,967.75,23.10,2.39
Central Bank,35.32,34.71,35.25,34.43,0.82,2.38
MCX India,"5,580.00","5,476.50","5,570.00","5,441.45",128.55,2.36
PNC Infratech,267.00,261.55,266.35,260.20,6.15,2.36
Navin Fluorine,"4,224.00","4,110.00","4,196.00","4,099.40",96.60,2.36
Poonawalla Fin,374.95,369.65,374.90,366.30,8.60,2.35
Brigade Ent,958.00,936.00,956.35,934.60,21.75,2.33
Dixon Technolog,"14,806.00","14,502.00","14,634.00","14,301.90",332.10,2.32
Guj Mineral,282.90,280.15,282.45,276.05,6.40,2.32
RHI Magnesita,481.05,469.00,479.00,468.15,10.85,2.32
Radico Khaitan,"2,423.90","2,351.10","2,414.40","2,359.70",54.70,2.32
Schneider Infra,618.25,604.00,608.10,594.30,13.80,2.32
Blue Star,"2,022.30","1,971.10","2,012.70","1,967.20",45.50,2.31
JM Financial,98.80,96.19,97.52,95.32,2.20,2.31
Metropolis,"1,649.00","1,605.20","1,638.60","1,601.60",37.00,2.31
Ashok Leyland,214.00,210.11,213.30,208.50,4.80,2.3
JSW Steel,"1,015.70","1,003.10","1,013.00",990.25,22.75,2.3
SBI Life Insura,"1,565.00","1,525.00","1,556.80","1,521.90",34.90,2.29
General Insuran,406.55,399.90,406.40,397.35,9.05,2.28
Amara Raja,"1,005.00",990.00,997.60,975.55,22.05,2.26
CESC,158.00,155.50,157.18,153.70,3.48,2.26
ABB India,"5,272.00","5,158.50","5,258.50","5,143.30",115.20,2.24
IRCTC,747.35,735.05,747.10,730.70,16.40,2.24
Finolex Ind,175.99,173.00,175.81,171.98,3.83,2.23
IGL,179.44,175.84,178.66,174.76,3.90,2.23
Vinati Organics,"1,594.00","1,554.00","1,578.00","1,543.55",34.45,2.23
Polycab,"5,219.00","5,124.00","5,206.50","5,093.25",113.25,2.22
Rail Vikas,355.70,350.05,353.95,346.30,7.65,2.21
Action Const,"1,267.90","1,243.20","1,257.80","1,230.75",27.05,2.2
Hindalco,615.50,606.35,613.50,600.30,13.20,2.2
ICICI Lombard ,"1,779.00","1,736.00","1,756.40","1,718.55",37.85,2.2
Cello World,537.05,526.00,535.20,523.75,11.45,2.19
Rainbow Child,"1,567.00","1,510.20","1,564.40","1,530.85",33.55,2.19
Bharti Hexacom,"1,607.00","1,525.00","1,537.60","1,504.75",32.85,2.18
Coromandel Int,"2,123.20","2,051.00","2,105.00","2,060.00",45.00,2.18
Exide Ind,378.40,370.60,377.35,369.30,8.05,2.18
UPL,653.70,638.85,652.75,638.85,13.90,2.18
Bajaj Holdings,"11,619.00","11,339.00","11,523.00","11,282.15",240.85,2.13
IRFC,126.80,125.00,126.75,124.11,2.64,2.13
Jindal Stainles,555.95,547.00,553.60,542.05,11.55,2.13
Godrej Agrovet,786.00,769.20,785.15,768.85,16.30,2.12
Jupiter Wagons,379.35,373.80,378.70,370.90,7.80,2.1
Mah Seamless,684.85,664.40,677.85,663.90,13.95,2.1
Tata Steel,136.68,134.84,136.22,133.42,2.80,2.1
Tata Steel,136.68,134.84,136.22,133.42,2.80,2.1
AB Capital,189.44,186.69,189.20,185.33,3.87,2.09
Angel One,"2,325.00","2,290.20","2,312.00","2,265.00",47.00,2.08
Archean Chem,615.00,601.60,613.55,601.10,12.45,2.07
APL Apollo,"1,564.90","1,512.80","1,548.60","1,517.35",31.25,2.06
Kirloskar Bros,"1,665.80","1,631.80","1,658.60","1,625.55",33.05,2.03
CRISIL,"4,307.80","4,218.10","4,300.90","4,215.85",85.05,2.02
Shyam Metalics,865.00,847.05,860.90,843.85,17.05,2.02
SBI,770.70,757.10,769.00,753.85,15.15,2.01
Tata Elxsi,"4,933.00","4,801.00","4,847.50","4,752.05",95.45,2.01
Fine Organics,"4,149.80","4,040.40","4,121.30","4,040.30",81.00,2
Kalyan Jeweller,523.95,513.50,520.90,510.75,10.15,1.99
P and G,"14,144.00","13,829.00","13,959.00","13,687.20",271.80,1.99
Torrent Pharma,"3,222.90","3,129.00","3,191.30","3,129.00",62.30,1.99
Eternal,224.25,220.10,221.50,217.20,4.30,1.98
Ajanta Pharma,"2,650.20","2,602.40","2,616.00","2,565.40",50.60,1.97
NMDC Steel,35.99,35.29,35.73,35.04,0.69,1.97
IRB Infra,46.22,45.54,45.89,45.01,0.88,1.96
IRB Infra,46.22,45.54,45.89,45.01,0.88,1.96
Oracle Fin Serv,"7,742.00","7,621.00","7,727.50","7,579.85",147.65,1.95
CenturyPlyboard,713.85,701.00,710.40,696.90,13.50,1.94
Piramal Pharma,225.89,220.75,224.10,219.83,4.27,1.94
Bajaj Finance,"9,290.00","9,075.50","9,093.00","8,921.10",171.90,1.93
Can Fin Homes,669.70,651.20,664.60,652.00,12.60,1.93
Firstsource Sol,327.40,322.75,327.25,321.05,6.20,1.93
Guj Amb Exports,118.64,115.40,118.04,115.81,2.23,1.93
Gland,"1,423.40","1,396.40","1,420.70","1,393.75",26.95,1.93
Indegene,585.95,573.95,582.30,571.30,11.00,1.93
Metro Brands,"1,111.00","1,065.00","1,082.30","1,061.85",20.45,1.93
Max Financial,"1,185.60","1,161.20","1,185.60","1,163.30",22.30,1.92
Zensar Tech,652.00,636.15,645.55,633.45,12.10,1.91
CIEINDIA,410.85,403.50,408.45,400.80,7.65,1.91
INDUS TOWERS,381.65,374.25,380.70,373.65,7.05,1.89
Eicher Motors,"5,464.00","5,399.00","5,452.00","5,350.90",101.10,1.89
Indiamart Inter,"2,147.80","2,104.10","2,133.40","2,093.90",39.50,1.89
Finolex Cables,899.45,885.85,892.00,875.60,16.40,1.87
IDFC First Bank,61.24,60.00,61.04,59.92,1.12,1.87
KPR Mill,993.95,976.55,992.95,974.85,18.10,1.86
Ramco Cements,956.00,936.80,954.30,936.85,17.45,1.86
Bosch,"27,090.00","26,580.00","26,850.00","26,359.25",490.75,1.86
MRF,"119,965.00","118,200.00","119,735.00","117,544.40","2,190.60",1.86
Sun Pharma,"1,724.50","1,696.80","1,718.90","1,687.55",31.35,1.86
IEX,182.80,180.26,182.35,179.03,3.32,1.85
Adani Energy,863.10,851.45,860.35,844.80,15.55,1.84
EIH,370.70,362.60,368.00,361.35,6.65,1.84
Maruti Suzuki,"11,862.00","11,680.00","11,811.00","11,599.05",211.95,1.83
Olectra Greente,"1,183.30","1,163.50","1,174.00","1,153.00",21.00,1.82
KSB Pumps,736.10,720.00,731.80,718.75,13.05,1.82
KSB Pumps,736.10,720.00,731.80,718.75,13.05,1.82
Affle India,"1,551.80","1,515.00","1,528.70","1,501.55",27.15,1.81
3M India,"29,665.00","29,185.00","29,530.00","29,006.30",523.70,1.81
JK Bank,93.25,92.00,92.81,91.16,1.65,1.81
Syrma SGS,494.70,485.25,488.40,479.80,8.60,1.79
IOB,35.80,35.12,35.55,34.93,0.62,1.77
Jio Financial,235.94,232.60,234.08,230.02,4.06,1.77
Reliance,"1,251.00","1,240.20","1,240.50","1,218.95",21.55,1.77
KEI Industries,"2,673.20","2,625.10","2,653.30","2,607.35",45.95,1.76
Vardhman Text,469.95,461.50,469.20,461.10,8.10,1.76
NTPC,367.00,362.30,366.35,360.10,6.25,1.74
Kajaria Ceramic,829.55,806.30,815.05,801.20,13.85,1.73
Sun Pharma Adv,148.24,146.13,147.99,145.48,2.51,1.73
Usha Martin,315.95,310.10,311.40,306.10,5.30,1.73
Divis Labs,"5,739.50","5,605.00","5,685.50","5,589.30",96.20,1.72
Gillette India,"8,119.50","7,930.50","8,075.00","7,938.70",136.30,1.72
Triveni Engg,388.40,382.80,386.45,379.90,6.55,1.72
Adani Total Gas,604.50,596.55,602.15,592.05,10.10,1.71
Asahi India,678.00,662.75,674.00,662.75,11.25,1.7
Bandhan Bank,152.42,150.55,152.22,149.68,2.54,1.7
Sapphire Foods,312.40,308.00,310.50,305.30,5.20,1.7
Sapphire Foods,312.40,308.00,310.50,305.30,5.20,1.7
ABSL AMC,638.20,628.85,635.60,625.05,10.55,1.69
Happiest Minds ,572.00,565.15,570.00,560.50,9.50,1.69
Krishna Inst.,628.00,612.95,627.10,616.75,10.35,1.68
Krishna Inst.,628.00,612.95,627.10,616.75,10.35,1.68
Alok Industries,15.95,15.72,15.88,15.62,0.26,1.66
Shipping Corp,176.80,172.30,174.60,171.75,2.85,1.66
Grasim,"2,713.00","2,670.00","2,695.00","2,651.25",43.75,1.65
Tata Chemicals,847.35,836.40,845.95,832.25,13.70,1.65
Capri Global,159.77,157.36,158.40,155.84,2.56,1.64
Capri Global,159.77,157.36,158.40,155.84,2.56,1.64
SBI Card,868.60,857.80,865.95,852.00,13.95,1.64
Abbott India,"30,330.00","29,600.00","30,125.00","29,641.10",483.90,1.63
Motilal Oswal,628.00,615.50,616.00,606.20,9.80,1.62
JBM Auto,634.95,623.70,628.10,618.15,9.95,1.61
R R Kabel,928.85,913.55,923.50,909.00,14.50,1.6
Birlasoft,369.90,362.40,365.50,359.75,5.75,1.6
Sun TV Network,675.70,658.35,670.65,660.10,10.55,1.6
Jaiprakash Pow,14.85,14.62,14.74,14.51,0.23,1.59
J. K. Cement,"5,097.00","4,940.10","5,036.40","4,957.45",78.95,1.59
Bank of India,110.66,108.85,109.87,108.16,1.71,1.58
NHPC,85.80,84.70,85.51,84.20,1.31,1.56
Ratnamani Metal,"2,752.10","2,712.00","2,728.40","2,686.45",41.95,1.56
Siemens,"2,798.00","2,741.50","2,770.00","2,727.80",42.20,1.55
UCO Bank,29.42,29.01,29.39,28.94,0.45,1.55
Kansai Nerolac,253.88,249.60,253.42,249.58,3.84,1.54
KNR Construct,232.81,230.00,231.12,227.62,3.50,1.54
GE Shipping,885.00,861.30,876.05,862.95,13.10,1.52
Newgen Software,924.90,913.15,919.10,905.30,13.80,1.52
HCL Tech,"1,421.90","1,407.00","1,411.20","1,390.55",20.65,1.49
Lemon Tree,142.23,139.85,141.77,139.75,2.02,1.45
Oil India,367.60,361.30,364.10,358.90,5.20,1.45
Apollo Hospital,"6,965.00","6,835.00","6,878.00","6,780.95",97.05,1.43
CreditAccess Gr,"1,047.85","1,019.55","1,037.75","1,023.10",14.65,1.43
Persistent,"4,659.00","4,562.00","4,609.00","4,544.60",64.40,1.42
Persistent,"4,659.00","4,562.00","4,609.00","4,544.60",64.40,1.42
Balrampur Chini,538.70,531.25,537.35,529.90,7.45,1.41
Rajesh Exports,191.56,189.00,190.26,187.63,2.63,1.4
Adani Wilmar,277.20,274.50,276.35,272.55,3.80,1.39
LIC India,784.00,777.50,781.75,771.05,10.70,1.39
JSW Infra,303.35,298.90,300.20,296.10,4.10,1.38
Aegis Logistics,774.20,762.60,766.10,755.75,10.35,1.37
MM Financial,270.00,264.55,266.70,263.10,3.60,1.37
GNFC,492.90,483.80,487.35,480.80,6.55,1.36
G R Infra,"1,099.00","1,080.70","1,087.60","1,073.10",14.50,1.35
Coal India,399.00,395.00,397.35,392.10,5.25,1.34
Yes Bank,17.49,17.31,17.38,17.15,0.23,1.34
Carborundum,979.50,954.00,968.10,955.35,12.75,1.33
UTI AMC,"1,027.40","1,008.20","1,011.40",998.15,13.25,1.33
KFin Tech,"1,026.50","1,008.40","1,011.50",998.35,13.15,1.32
Page Industries,"45,375.00","44,550.00","45,065.00","44,481.40",583.60,1.31
CG Consumer,339.70,333.55,338.45,334.10,4.35,1.3
LT Finance,157.80,156.15,157.48,155.46,2.02,1.3
Karur Vysya,214.20,206.77,212.20,209.50,2.70,1.29
Alkyl Amines,"1,808.00","1,754.50","1,762.60","1,740.45",22.15,1.27
Inox India,"1,016.00",999.00,"1,010.40",997.75,12.65,1.27
Wipro,245.05,241.55,242.80,239.75,3.05,1.27
Caplin Labs,"1,913.00","1,841.10","1,893.00","1,869.40",23.60,1.26
Deepak Nitrite,"1,967.20","1,932.80","1,957.30","1,932.85",24.45,1.26
Chalet Hotels,846.00,822.15,830.00,819.80,10.20,1.24
Ceat,"2,885.00","2,850.40","2,866.50","2,832.50",34.00,1.2
Canara Bank,92.90,91.28,91.63,90.54,1.09,1.2
Canara Bank,92.90,91.28,91.63,90.54,1.09,1.2
GMR Airports,87.00,85.90,86.75,85.72,1.03,1.2
HDFC Life,696.40,690.30,693.75,685.55,8.20,1.2
Power Grid Corp,310.45,305.60,307.75,304.10,3.65,1.2
Jubilant Food,697.80,688.85,693.45,685.30,8.15,1.19
CHEMPLAST SANMA,439.85,433.00,437.80,432.70,5.10,1.18
UltraTechCement,"11,749.00","11,581.00","11,638.00","11,502.65",135.35,1.18
Syngene Intl,715.45,703.10,710.00,701.80,8.20,1.17
Castrol,202.45,200.49,201.64,199.33,2.31,1.16
Emcure Pharmace,944.90,916.20,930.10,919.45,10.65,1.16
Trident,26.80,26.27,26.38,26.08,0.30,1.15
ITI,258.00,252.00,254.90,252.07,2.83,1.12
Raymond,"1,519.00","1,500.30","1,509.80","1,493.15",16.65,1.12
Titan Company,"3,275.00","3,245.10","3,271.00","3,234.90",36.10,1.12
Tata Inv Corp,"6,267.00","6,200.00","6,240.00","6,171.50",68.50,1.11
LTIMindtree,"4,328.00","4,240.80","4,287.10","4,240.80",46.30,1.09
India Cements,285.50,281.50,283.65,280.65,3.00,1.07
SKF India,"3,954.90","3,895.00","3,903.00","3,861.95",41.05,1.06
Infosys,"1,447.70","1,418.30","1,424.20","1,409.45",14.75,1.05
Bajaj Finserv,"1,984.00","1,963.40","1,966.50","1,946.30",20.20,1.04
Bajaj Finserv,"1,984.00","1,963.40","1,966.50","1,946.30",20.20,1.04
Alembic Pharma,858.45,841.65,855.15,846.40,8.75,1.03
Tech Mahindra,"1,314.20","1,290.90","1,295.50","1,282.25",13.25,1.03
Astral Ltd,"1,266.50","1,245.60","1,261.50","1,248.90",12.60,1.01
Kirloskar Oil,736.05,720.50,733.50,726.15,7.35,1.01
Blue Dart,"6,478.50","6,346.50","6,375.50","6,312.10",63.40,1
Honeywell Autom,"34,500.00","34,045.00","34,350.00","34,014.65",335.35,0.99
Bank of Mah,46.54,46.00,46.10,45.66,0.44,0.96
Zydus Life,889.80,873.50,877.15,868.85,8.30,0.96
Indian Bank,545.50,537.50,540.95,535.80,5.15,0.96
CCL Products,608.40,602.05,604.65,599.10,5.55,0.93
Apollo Tyres,433.35,428.60,431.70,427.75,3.95,0.92
Birla Corp,"1,121.80","1,102.60","1,120.10","1,109.95",10.15,0.91
NBCC (India),90.56,89.30,89.91,89.10,0.81,0.91
Jyothy Labs,371.30,366.25,370.10,366.80,3.30,0.9
Muthoot Finance,"2,060.00","2,005.50","2,035.20","2,017.00",18.20,0.9
Container Corp,692.80,680.30,690.80,684.80,6.00,0.88
Chennai Petro,626.00,618.05,621.65,616.20,5.45,0.88
Equitas Bank,58.40,57.80,58.15,57.65,0.50,0.87
ACC,"2,026.70","2,008.80","2,024.30","2,007.35",16.95,0.84
MRPL,132.49,131.25,131.91,130.81,1.10,0.84
PNB Housing Fin,999.00,978.10,987.55,979.40,8.15,0.83
IOC,133.40,132.50,132.90,131.83,1.07,0.81
Aster DM Health,509.10,497.35,504.30,500.30,4.00,0.8
Gujarat Fluoro,"3,945.20","3,887.00","3,894.50","3,865.30",29.20,0.76
United Spirits,"1,550.80","1,480.60","1,488.10","1,476.90",11.20,0.76
Ambuja Cements,555.00,550.25,552.70,548.65,4.05,0.74
BASF,"4,587.00","4,470.00","4,518.50","4,486.05",32.45,0.72
JB Chemicals,"1,604.60","1,576.40","1,582.90","1,571.60",11.30,0.72
JB Chemicals,"1,604.60","1,576.40","1,582.90","1,571.60",11.30,0.72
Pfizer,"4,134.90","4,050.00","4,109.70","4,080.25",29.45,0.72
TCS,"3,314.40","3,248.50","3,254.70","3,231.50",23.20,0.72
AU Small Financ,565.00,553.25,561.05,557.10,3.95,0.71
Gujarat Pipavav,140.83,138.58,139.75,138.76,0.99,0.71
SRF,"3,005.00","2,945.00","2,968.10","2,947.35",20.75,0.7
Latent View,384.90,379.90,382.45,379.90,2.55,0.67
Colgate,"2,540.00","2,500.00","2,508.20","2,491.65",16.55,0.66
RamkrishnaForge,751.00,736.30,742.45,737.55,4.90,0.66
Godrej Ind,"1,172.60","1,138.00","1,144.10","1,136.70",7.40,0.65
ZFCVINDIA,"12,610.00","12,417.00","12,530.00","12,449.20",80.80,0.65
Voltas,"1,310.30","1,288.30","1,293.10","1,284.90",8.20,0.64
Alkem Lab,"4,919.60","4,866.80","4,918.30","4,887.45",30.85,0.63
Chambal Fert,653.85,641.25,649.25,645.25,4.00,0.62
PNB,98.40,96.45,96.68,96.08,0.60,0.62
C. E. Info Syst,"1,737.00","1,712.90","1,733.80","1,723.25",10.55,0.61
Shree Cements,"31,000.00","30,155.00","30,290.00","30,107.95",182.05,0.6
JK Lakshmi Cem,800.00,789.05,793.50,788.95,4.55,0.58
Bikaji Foods,718.90,705.50,713.50,709.45,4.05,0.57
Tanla Platforms,499.35,485.05,486.60,483.90,2.70,0.56
Dabur India,468.25,462.60,463.85,461.30,2.55,0.55
Pidilite Ind,"2,990.00","2,956.20","2,968.70","2,952.60",16.10,0.55
Marico,720.00,710.15,713.80,709.95,3.85,0.54
Cipla,"1,485.90","1,467.90","1,470.80","1,463.05",7.75,0.53
Saregama India,530.85,515.75,526.85,524.05,2.80,0.53
SBFC Finance,90.83,89.70,90.12,89.67,0.45,0.5
Atul,"5,786.00","5,631.00","5,754.00","5,727.35",26.65,0.47
Motherson SWI,54.39,52.92,53.17,52.92,0.25,0.47
ONGC,234.00,230.10,231.45,230.37,1.08,0.47
Campus Active,241.68,238.88,239.36,238.31,1.05,0.44
Route,991.45,969.60,979.65,975.40,4.25,0.44
Easy Trip,13.23,13.10,13.13,13.08,0.05,0.38
Easy Trip,13.23,13.10,13.13,13.08,0.05,0.38
IDBI Bank,80.25,79.55,79.78,79.49,0.29,0.36
Aadhar Housing ,472.40,463.60,465.00,463.40,1.60,0.35
AIA Engineering,"3,250.00","3,171.00","3,179.20","3,168.75",10.45,0.33
Varun Beverages,556.00,544.05,547.50,545.75,1.75,0.32
Varun Beverages,556.00,544.05,547.50,545.75,1.75,0.32
Varun Beverages,556.00,544.05,547.50,545.75,1.75,0.32
Godrej Consumer,"1,239.00","1,224.00","1,227.40","1,223.60",3.80,0.31
Gujarat Gas,436.00,427.00,429.50,428.30,1.20,0.28
Glenmark,"1,395.70","1,371.80","1,381.70","1,378.10",3.60,0.26
Patanjali Foods,"1,913.60","1,881.90","1,890.80","1,886.35",4.45,0.24
Federal Bank,193.00,189.50,190.80,190.44,0.36,0.19
Kotak Mahindra,"2,147.00","2,102.80","2,115.10","2,111.20",3.90,0.18
Asian Paints,"2,420.00","2,385.00","2,397.20","2,393.60",3.60,0.15
Britannia,"5,432.00","5,330.00","5,358.30","5,350.20",8.10,0.15
Bank of Baroda,236.09,232.11,232.85,232.50,0.35,0.15
Ujjivan Small,40.35,39.57,39.83,39.77,0.06,0.15
Apar Ind,"5,092.50","5,020.00","5,035.00","5,028.40",6.60,0.13
Dr Lal PathLab,"2,730.00","2,681.40","2,705.10","2,701.80",3.30,0.12
Eris Life,"1,444.00","1,385.00","1,386.30","1,384.80",1.50,0.11
TATA Cons. Prod,"1,111.00","1,097.70","1,099.10","1,097.90",1.20,0.11
Avenue Supermar,"4,207.30","4,132.00","4,135.60","4,131.50",4.10,0.1
Whirlpool,"1,125.00","1,100.55","1,107.45","1,106.55",0.90,0.08
Westlife Food,720.65,704.30,708.85,708.45,0.40,0.06
United Brewerie,"2,039.60","1,987.70","2,020.60","2,019.50",1.10,0.05
